"id","contents","draft","page_template","modified","created"
"1",,,,,"2023-12-04 19:00:49"
"2","<h2>会社案内</h2>

<h3>会社データ</h3>

<table>
	<tbody>
		<tr>
			<th>会社名</th>
			<td>baserCMSサンプル</td>
		</tr>
		<tr>
			<th>設立</th>
			<td>2022年9月</td>
		</tr>
		<tr>
			<th>所在地</th>
			<td>福岡県福岡市</td>
		</tr>
		<tr>
			<th>事業内容</th>
			<td>
			<ul>
				<li>事業内容１</li>
				<li>事業内容２</li>
				<li>事業内容３</li>
			</ul>
			</td>
		</tr>
	</tbody>
</table>

<h3>アクセスマップ</h3>
<p>[BcBaser.getGoogleMaps width|100%]</p>",,,,"2023-12-04 19:00:49"
"3","<h2>サービス１</h2>

<p>サービスの案内文がはいります。サービスの案内文がはいります。サービスの案内文がはいります。 サービスの案内文がはいります。サービスの案内文がはいります。サービスの案内文がはいります。 サービスの案内文がはいります。サービスの案内文がはいります。サービスの案内文がはいります。 サービスの案内文がはいります。サービスの案内文がはいります。サービスの案内文がはいります。</p>

<p>サービスの案内文がはいります。サービスの案内文がはいります。サービスの案内文がはいります。 サービスの案内文がはいります。サービスの案内文がはいります。サービスの案内文がはいります。 サービスの案内文がはいります。サービスの案内文がはいります。サービスの案内文がはいります。 サービスの案内文がはいります。サービスの案内文がはいります。サービスの案内文がはいります。</p>

<p>サービスの案内文がはいります。サービスの案内文がはいります。サービスの案内文がはいります。 サービスの案内文がはいります。サービスの案内文がはいります。サービスの案内文がはいります。 サービスの案内文がはいります。サービスの案内文がはいります。サービスの案内文がはいります。 サービスの案内文がはいります。サービスの案内文がはいります。サービスの案内文がはいります。</p>",,,,"2023-12-04 19:00:49"
"5","<h1>見出し１</h1>

<p>段落の文章が入ります。<span>段落の文章が入ります。段落の文章が入ります。段落の文章が入ります。段落の文章が入ります。段落の文章が入ります。段落の文章が入ります。段落の文章が入ります。段落の文章が入ります。段落の文章が入ります。段落の文章が入ります。</span></p>

<h2>見出し２</h2>

<ul>
	<li>リスト１</li>
	<li>リスト２</li>
	<li>リスト３</li>
</ul>

<h3>見出し３</h3>

<ol>
	<li>連番リスト１</li>
	<li><span>連番リスト２</span></li>
	<li><span>連番リスト３</span></li>
</ol>

<h4>見出し４</h4>

<p><strong>太字文章が入ります。太字文章が入ります。太字文章が入ります。太字文章が入ります。</strong></p>

<h5>見出し５</h5>

<p><em>斜体文章が入ります。斜体文章が入ります。斜体文章が入ります。斜体文章が入ります。</em></p>

<h6>見出し６</h6>

<p><u>下線付文章が入ります。下線付文章が入ります。下線付文章が入ります。下線付文章が入ります。</u></p>

<table>
	<tbody>
		<tr>
			<th>表見出し</th>
			<td><span>表の文章が入ります。</span></td>
		</tr>
		<tr>
			<th>表見出し</th>
			<td>表の文章が入ります。</td>
		</tr>
		<tr>
			<th>表見出し</th>
			<td><span>表の文章が入ります。</span></td>
		</tr>
	</tbody>
</table>

<p>&nbsp;</p>

<p>&nbsp;</p>",,,,"2023-12-04 19:00:49"
"6","<h2>サービス２</h2>

<p>サービスの案内文がはいります。サービスの案内文がはいります。サービスの案内文がはいります。 サービスの案内文がはいります。サービスの案内文がはいります。サービスの案内文がはいります。 サービスの案内文がはいります。サービスの案内文がはいります。サービスの案内文がはいります。 サービスの案内文がはいります。サービスの案内文がはいります。サービスの案内文がはいります。</p>

<p>サービスの案内文がはいります。サービスの案内文がはいります。サービスの案内文がはいります。 サービスの案内文がはいります。サービスの案内文がはいります。サービスの案内文がはいります。 サービスの案内文がはいります。サービスの案内文がはいります。サービスの案内文がはいります。 サービスの案内文がはいります。サービスの案内文がはいります。サービスの案内文がはいります。</p>

<p>サービスの案内文がはいります。サービスの案内文がはいります。サービスの案内文がはいります。 サービスの案内文がはいります。サービスの案内文がはいります。サービスの案内文がはいります。 サービスの案内文がはいります。サービスの案内文がはいります。サービスの案内文がはいります。 サービスの案内文がはいります。サービスの案内文がはいります。サービスの案内文がはいります。</p>",,,,"2023-12-04 19:00:49"
"7","<h2>サービス３</h2>

<p>サービスの案内文がはいります。サービスの案内文がはいります。サービスの案内文がはいります。 サービスの案内文がはいります。サービスの案内文がはいります。サービスの案内文がはいります。 サービスの案内文がはいります。サービスの案内文がはいります。サービスの案内文がはいります。 サービスの案内文がはいります。サービスの案内文がはいります。サービスの案内文がはいります。</p>

<p>サービスの案内文がはいります。サービスの案内文がはいります。サービスの案内文がはいります。 サービスの案内文がはいります。サービスの案内文がはいります。サービスの案内文がはいります。 サービスの案内文がはいります。サービスの案内文がはいります。サービスの案内文がはいります。 サービスの案内文がはいります。サービスの案内文がはいります。サービスの案内文がはいります。</p>

<p>サービスの案内文がはいります。サービスの案内文がはいります。サービスの案内文がはいります。 サービスの案内文がはいります。サービスの案内文がはいります。サービスの案内文がはいります。 サービスの案内文がはいります。サービスの案内文がはいります。サービスの案内文がはいります。 サービスの案内文がはいります。サービスの案内文がはいります。サービスの案内文がはいります。</p>",,,,"2023-12-04 19:00:49"
